year,mn_value,sd,n,se,col_group
1993,-0.6374130909805287,0.8604432680128518,41,0.13437866205729315,Less than long-term site average
1994,-0.41481993408471823,0.8881227302470718,50,0.12559952101672306,Less than long-term site average
1995,-0.43630623902512494,0.8619502806358389,55,0.1162253521309671,Less than long-term site average
1996,-0.40547867572574814,0.5720918542965274,52,0.07933486595928474,Less than long-term site average
1997,-0.3769194476961882,0.7525437628199583,53,0.10336983565701795,Less than long-term site average
1998,-0.9235630623197525,0.5894815070707109,50,0.08336527420675309,Less than long-term site average
1999,-0.4588992938352922,0.7672722395832762,52,0.10640151546375358,Less than long-term site average
2000,-0.02014501789607631,0.9003404550603571,58,0.11822049351327482,Less than long-term site average
2001,-0.18695586332407887,0.8199011052110967,53,0.11262207819394966,Less than long-term site average
2002,-0.1579274133480554,0.9193418263857566,59,0.1196881111962833,Less than long-term site average
2003,0.2857702925984772,0.9385805350251761,59,0.1221927777227267,Greater than long-term site average
2004,-0.1540581788869784,0.6658689182089093,60,0.0859633076993418,Less than long-term site average
2005,-0.04320394677257557,0.755076376029067,59,0.09830257110257129,Less than long-term site average
2006,-0.027172099174603743,0.8261243707377524,59,0.10755223216106638,Less than long-term site average
2007,-0.05138548203120581,0.7587391113159565,55,0.10230836089894008,Less than long-term site average
2008,-0.014206344822903588,0.7270312627622945,59,0.09465140834803633,Less than long-term site average
2009,-0.19464356051164045,0.7840957218347926,57,0.10385601546064548,Less than long-term site average
2010,0.11615657487165673,0.8882884319468771,56,0.11870253474928123,Greater than long-term site average
2011,0.009715487203692664,0.7526719994379083,60,0.0971695372993219,Greater than long-term site average
2012,0.6303401741888941,0.8961822585946642,54,0.12195495833843842,Greater than long-term site average
2013,1.2345355383633898,1.1415451202764522,52,0.1583038255543252,Greater than long-term site average
2014,1.157259963537231,1.171965372973716,53,0.16098182456000532,Greater than long-term site average
2015,0.5046496047705531,0.9015309954984889,54,0.12268282923748089,Greater than long-term site average
2016,0.35277895461736225,1.019586934337936,56,0.13624803515441913,Greater than long-term site average
