year,mn_value,sd,n,se,col_group
1993,-0.6694258598660395,0.940893452908954,38,0.15263307306352072,Less than long-term site average
1994,-0.4380743244011195,0.9536075023006465,46,0.1406017555431929,Less than long-term site average
1995,0.22733024767908033,1.1123552865375905,52,0.15425592392864312,Greater than long-term site average
1996,-0.37626301376414073,0.7109257381595996,48,0.10261329157506956,Less than long-term site average
1997,-0.44647607227386515,0.7228860258623291,51,0.10122429050371762,Less than long-term site average
1998,0.5876453294709589,1.5312211147932502,46,0.2257662364707991,Greater than long-term site average
1999,0.0667750294700784,1.1837282800260394,51,0.1657551135421194,Greater than long-term site average
2000,0.29429783222131245,0.8765527713173568,56,0.11713429113202704,Greater than long-term site average
2002,0.9946252493998401,1.6192017365833493,60,0.209038045331248,Greater than long-term site average
2003,-0.13828602318528796,0.5784423203767209,60,0.07467658245202051,Less than long-term site average
2004,-0.4968483943419661,0.5762050707826463,61,0.07377549946452351,Less than long-term site average
2005,0.07255691785313755,0.7954955403191721,65,0.09866907821038749,Greater than long-term site average
2006,0.20599410778463503,1.1525367514837752,63,0.1452059819661106,Greater than long-term site average
2007,-0.2941357245368244,0.5307263723409437,63,0.06686523787798122,Less than long-term site average
2008,0.06812868358971483,0.7503606900948296,64,0.0937950862618537,Greater than long-term site average
2009,-0.3038625493576602,0.6441687637689796,61,0.08247735866321088,Less than long-term site average
2010,0.028391826971495327,0.7431857787957549,59,0.0967545471978548,Greater than long-term site average
2011,0.04957489019579043,0.8102094109840168,62,0.10289669809171967,Greater than long-term site average
2012,-0.12862285595365133,0.6166640441867244,55,0.08315096275534324,Less than long-term site average
2013,0.11293289443496406,0.8268375103627084,55,0.1114907471531975,Greater than long-term site average
2014,0.15448023230991562,0.7206634619234976,56,0.09630270591729057,Greater than long-term site average
2015,0.3044062787853201,1.066013998680653,56,0.14245211259171042,Greater than long-term site average
2016,-0.1327085746933877,0.7484846640357015,60,0.0966289546233975,Less than long-term site average
