year,mn_value,sd,n,se,col_group
1993,-0.4208079695276364,0.8860946600305429,99,0.08905586412299511,Less than long-term site average
1994,-0.39115017495023174,0.9811585238363006,107,0.09485217465307312,Less than long-term site average
1995,-0.39926781707236136,1.0475088754271216,124,0.09406907397340776,Less than long-term site average
1996,0.09323975729442006,0.9132311988893702,126,0.0813571014561151,Greater than long-term site average
1997,0.2027435370950345,0.9995025448776227,124,0.08975797822463778,Greater than long-term site average
1998,0.04975809733557794,1.0216897884517047,112,0.09654061061776435,Greater than long-term site average
1999,0.15621645724040767,1.0348602182180617,129,0.09111436170504253,Greater than long-term site average
2000,-0.11388073692151318,0.699512336907848,123,0.06307290332650611,Less than long-term site average
2001,0.057659604448275316,0.9700861608451116,126,0.08642214403650679,Greater than long-term site average
2002,0.2518583407892662,0.960748356849613,148,0.0789730284606812,Greater than long-term site average
2003,-0.06079655554202718,0.83326783154791,155,0.06692968284519527,Less than long-term site average
2004,0.23946874046525707,0.9046625255055024,102,0.08957493768523463,Greater than long-term site average
2005,0.05434014261796938,0.8523432649621017,147,0.070300087638262,Greater than long-term site average
2006,0.47997378903563165,0.9529012010508765,152,0.07729049351584183,Greater than long-term site average
2007,0.13805909371007985,0.9838095307854399,152,0.07979749010300137,Greater than long-term site average
2008,-0.19149810097548794,0.9296877060853288,144,0.07747397550711073,Less than long-term site average
2009,-0.16441002572632718,0.8242953944962148,148,0.06775666404782385,Less than long-term site average
2010,-0.09595309793317314,1.05679880342482,143,0.08837395555490597,Less than long-term site average
2011,-0.3224662403381056,0.7797988916310686,76,0.08944906749749613,Less than long-term site average
2012,0.27884321026583586,1.053969765391668,43,0.16072888239602012,Greater than long-term site average
2013,0.023228727138318455,1.1265651135333479,47,0.16432641070736642,Greater than long-term site average
