year,mdn_value,sd,iqr,iqr_low,iqr_high,min,max,n,se,col_group
1993,-25,135.74398171347624,125,-85,40,-255,405,21,29.621765301747917,Less than long-term site median
1994,-27.5,359.9264303387711,77.5,-72.5,5,-2235,165,40,56.909365498222314,Less than long-term site median
1995,15,85.145533674773,110,-15,95,-125,195,21,18.58027872152661,Greater than long-term site median
1996,10,446.17045477333403,73.75,-10,63.75,-290,2395,30,81.45920752389786,Greater than long-term site median
1997,-10,159.379010806415,110,-90,20,-260,635,53,21.89239080595337,Less than long-term site median
1998,-10,158.2477980617672,117.5,-45,72.5,-330,480,31,28.422143565955786,Less than long-term site median
1999,0,171.46789036011168,90,-50,40,-840,515,71,20.349494724857518,Equal to long-term site median
2000,0,324.5402720070587,170,-82.5,87.5,-655,2185,62,41.216655761572824,Equal to long-term site median
2001,-5,238.2321992203019,180,-77.5,102.5,-470,1390,70,28.474194017275565,Less than long-term site median
2002,5,149.73783086894176,123.75,-68.75,55,-560,385,74,17.406669269135854,Greater than long-term site median
2003,10,308.97953443542445,160,-90,70,-875,2095,77,35.21148585849152,Greater than long-term site median
2004,17.5,146.61834392568414,83.75,-10,73.75,-230,570,50,20.73496504723854,Greater than long-term site median
2005,12.5,140.49965933108842,136.25,-55,81.25,-340,620,80,15.708339453993817,Greater than long-term site median
2006,5,183.58782561812174,105,-51.25,53.75,-570,905,80,20.525742896174876,Greater than long-term site median
2007,0,524.5868644737288,145,-62.5,82.5,-3640,2110,75,60.57407348344981,Equal to long-term site median
2008,15,184.29966958531296,100,-40,60,-940,670,71,21.8723467475037,Greater than long-term site median
2009,-2.5,194.92342022330922,125,-55,70,-385,830,70,23.29780484802095,Less than long-term site median
2010,-7.5,210.03921939535607,161.25,-80,81.25,-995,560,76,24.09315082959277,Less than long-term site median
2011,-80,245.35702807352232,115,-160,-45,-860,770,27,47.21898206860489,Less than long-term site median
2012,0,211.80596003390073,120,-105,15,-780,215,18,49.9231435452327,Equal to long-term site median
