year,mdn_value,sd,iqr,iqr_low,iqr_high,min,max,n,se,col_group
1993,-0.35,15.572133398564153,4.575,-3,1.575,-44,131,128,1.3763951404582788,Less than long-term site median
1994,-0.2,10.02222637295457,4.5,-2.5,2,-41,68.2,162,0.7874204701003148,Less than long-term site median
1995,-1,11.285978531540456,5,-4,1,-76,49.5,156,0.9036014530697107,Less than long-term site median
1996,-0.6,18.66391935240882,4.5,-3.5,1,-50,220,177,1.4028660848203218,Less than long-term site median
1997,0.9,15.05706648907022,7.35,-1.5,5.85,-63,115,200,1.0646953819198273,Greater than long-term site median
1998,-0.6,10.059886870012647,4.5,-3,1.5,-54,45.5,155,0.8080295580566619,Less than long-term site median
1999,-0.5,15.006344538216343,3.2,-2.2,1,-66.5,148,216,1.021052417306425,Less than long-term site median
2000,0,8.698747190390138,3,-1,2,-17,71.3,222,0.5838216849606322,Equal to long-term site median
2001,0,6.4601645176702585,4,-1.5,2.5,-18.8,44,237,0.4196327789612707,Equal to long-term site median
2002,0,6.63022128958796,3.25,-1.75,1.5,-37,35,211,0.45644325731815844,Equal to long-term site median
2003,0,7.1686522709042455,3,-1.5,1.5,-42,44.5,231,0.47166269122186455,Equal to long-term site median
2004,0,9.8451264409872,3,-1,2,-116.5,34.5,235,0.6422252360216674,Equal to long-term site median
2005,0,10.951565905433391,2.5,-1.5,1,-114,74,235,0.714401388400914,Equal to long-term site median
2006,0.5,12.756722275597786,4,-1,3,-91.5,77.2,236,0.8303918903724465,Greater than long-term site median
2007,-0.5,15.11272076426821,3,-2,1,-64.5,149.5,165,1.1765237158390727,Less than long-term site median
2008,0,12.243861417815122,4,-1,3,-54.5,111.3,181,0.9100790519323511,Equal to long-term site median
2009,0.15000000000000002,25.38956526286419,3,-1,2,-80.5,304,168,1.9588474870705523,Greater than long-term site median
2010,0.2,10.89533167574987,3.5,-1,2.5,-91.5,42.5,169,0.8381024365961439,Greater than long-term site median
2011,1,18.948698751413193,3,0,3,-58,148,89,2.0085580505377147,Greater than long-term site median
2012,1.2,13.676998312066972,5,0,5,-27,68,45,2.038846530262109,Greater than long-term site median
2013,0.35,40.81899099244156,7.7,-1.2249999999999999,6.4750000000000005,-28,181.5,40,6.454049166300613,Greater than long-term site median
